{"cameraMode":{"drawMode":0,"name":"Shaded","section":"Shading Mode"},"sceneLighting":false,"audioPlay":false,"sceneViewState":{"showFog":true,"showMaterialUpdate":false,"showSkybox":false,"showFlares":true,"showImageEffects":true,"showParticleSystems":true,"showVisualEffectGraphs":true,"m_FxEnabled":true},"in2DMode":false,"pivot":{"x":-32.72999954223633,"y":3.0599968433380129,"z":-6.639999866485596},"rotation":{"x":0.12115330249071121,"y":0.21763412654399873,"z":-0.027254903689026834,"w":0.9681441783905029},"size":2.5195229053497316,"orthographic":false}