{"cameraMode":{"drawMode":0,"name":"Shaded","section":"Shading Mode"},"sceneLighting":true,"audioPlay":false,"sceneViewState":{"showFog":true,"showMaterialUpdate":false,"showSkybox":true,"showFlares":true,"showImageEffects":true,"showParticleSystems":true,"showVisualEffectGraphs":true,"m_FxEnabled":true},"in2DMode":false,"pivot":{"x":-1.6636326313018799,"y":22.176586151123048,"z":-30.482616424560548},"rotation":{"x":0.03507847711443901,"y":-0.008986573666334153,"z":0.0016734820092096925,"w":0.999481737613678},"size":7.141432285308838,"orthographic":false}