{"cameraMode":{"drawMode":0,"name":"Shaded","section":"Shading Mode"},"sceneLighting":true,"audioPlay":false,"sceneViewState":{"showFog":true,"showMaterialUpdate":false,"showSkybox":true,"showFlares":true,"showImageEffects":true,"showParticleSystems":true,"showVisualEffectGraphs":true,"m_FxEnabled":true},"in2DMode":false,"pivot":{"x":-32.039817810058597,"y":13.426375389099121,"z":44.19524383544922},"rotation":{"x":-0.02006392739713192,"y":-0.06115168705582619,"z":-0.0012506026541814209,"w":0.9979447722434998},"size":38.245914459228519,"orthographic":false}